Time,Armed,Event,State,MachTimer,FailSafeTimer,FailSafeMainTimer,h,v,H_SHT,T_SHT,T_CPU,T_BARO1,T_BARO2,T_IMU1,T_IMU2,P_BARO1,P_BARO2,Ax_IMU1,Ay_IMU1,Az_IMU1,Gx_IMU1,Gy_IMU1,Gz_IMU1,Ax_IMU2,Ay_IMU2,Az_IMU2,Gx_IMU2,Gy_IMU2,Gz_IMU2,Ax_H3L,Ay_H3L,Az_H3L,I_BAT1,I_BAT2,V_BAT1,V_BAT2,V_LDR,V_TD1,V_TD2
,0,0,1,0,0,0,0.0,0.01,48.85,23.15,22.32,0.0,0.0,29.49,28.49,0.0,0.0,-1.32,-9.63,0.34,0.73,-1.95,0.24,-0.96,-9.75,0.65,0.0,-1.4,0.91,0.96,16.34,47.59,-19970.7,-19958.5,12.64,0.05,1.35,12.46,0.0
31944.0,0,0,1,0,0,0,0.0,0.0,48.85,23.15,24.25,22.7,22.38,29.48,28.51,101155.77,-179529.38,-1.3,-9.63,0.41,0.73,-1.95,0.3,-0.96,-9.77,0.74,-0.06,-1.71,0.85,0.96,13.94,44.22,-19812.01,-19848.63,12.54,0.04,1.34,12.21,0.0
31970.0,0,0,1,0,0,0,0.0,0.0,48.85,23.15,24.57,22.75,22.42,29.48,28.51,101150.22,-179544.27,-1.27,-9.63,0.39,0.67,-1.95,0.18,-0.91,-9.76,0.7,0.0,-1.77,0.79,-0.48,20.67,42.78,-19860.84,-19860.84,12.54,0.05,1.35,12.22,0.0
31995.0,0,0,1,0,0,0,0.0,0.0,48.85,23.15,23.61,22.78,22.47,29.48,28.5,101157.22,-179564.69,-1.29,-9.62,0.39,0.61,-1.59,0.06,-0.94,-9.76,0.71,-0.12,-1.4,0.67,3.36,17.3,57.68,-19812.01,-20739.75,12.51,0.04,1.34,12.27,0.0
32020.0,0,0,1,0,0,0,0.0,0.0,49.22,23.0,24.9,22.82,22.5,29.48,28.51,101159.22,-179575.33,-1.33,-9.61,0.4,0.37,-1.59,0.0,-0.98,-9.76,0.71,-0.3,-1.46,0.61,4.81,17.3,41.34,-19567.87,-20019.53,12.55,0.06,1.33,12.21,0.0
32046.0,0,0,1,0,0,0,0.0,0.0,49.22,23.0,23.93,22.85,22.53,29.48,28.5,101164.97,-179590.23,-1.29,-9.61,0.41,0.3,-1.71,-0.06,-0.94,-9.77,0.77,-0.43,-1.59,0.61,0.48,13.94,49.51,-20117.19,-20043.95,12.5,0.05,1.35,12.21,0.01
32071.0,0,0,1,0,0,0,0.0,0.0,49.22,23.0,24.25,22.89,-572.66,29.49,28.52,101151.98,-175800.81,-1.28,-9.63,0.41,0.24,-1.34,-0.06,-0.9,-9.77,0.73,-0.43,-1.22,0.55,1.92,17.3,48.55,-19628.91,-19970.7,12.45,0.0,1.33,12.22,0.0
32097.0,0,0,1,0,0,0,0.0,0.0,49.22,23.0,25.54,22.91,22.58,29.5,28.51,101168.55,101237.23,-1.33,-9.63,0.4,0.06,-1.22,0.0,-0.97,-9.77,0.69,-0.61,-1.04,0.55,-0.48,20.19,48.07,-19921.88,-19653.32,12.51,0.04,1.38,12.21,0.02
32123.0,0,0,1,0,0,0,0.0,0.0,49.2,23.07,25.22,22.91,22.58,29.5,28.5,101168.55,101237.23,-1.29,-9.64,0.42,0.06,-1.59,-0.06,-0.93,-9.78,0.76,-0.67,-1.46,0.61,-0.48,15.38,39.42,-19921.88,-19787.6,12.57,0.05,1.36,12.23,0.0
32149.0,0,0,1,0,0,0,0.0,0.0,49.2,23.07,24.9,22.91,22.59,29.5,28.51,101167.52,-179614.06,-1.25,-9.65,0.41,0.0,-1.4,-0.06,-0.9,-9.77,0.72,-0.79,-1.22,0.67,5.29,17.79,42.3,-19738.77,-20019.53,12.55,0.0,1.36,12.16,0.02
32174.0,0,0,1,0,0,0,0.0,0.0,49.2,23.07,24.9,22.93,22.61,29.5,28.5,101175.75,-179622.58,-1.27,-9.64,0.36,-0.06,-1.04,0.06,-0.93,-9.77,0.68,-0.79,-0.85,0.67,2.4,18.27,49.51,-19738.77,-19934.08,12.46,0.07,1.34,12.19,0.01
32199.0,0,0,1,0,0,0,0.0,0.0,49.2,23.07,23.93,22.96,22.62,29.5,28.5,101161.45,-179626.83,-1.29,-9.63,0.41,0.0,-1.1,0.18,-0.94,-9.76,0.74,-0.73,-0.98,0.85,-0.96,9.13,46.15,-19055.18,-19738.77,12.48,0.06,1.36,11.88,0.02
32224.0,0,0,1,0,0,0,0.0,0.0,49.3,23.14,24.9,22.97,22.65,29.51,28.52,101168.89,101286.92,-1.29,-9.62,0.45,0.12,-1.59,0.3,-0.94,-9.76,0.76,-0.55,-1.4,0.91,4.81,20.19,49.03,-19836.43,-20190.43,12.54,0.04,1.36,12.23,0.0
32249.0,0,0,1,0,0,0,0.0,0.0,49.3,23.14,25.22,23.0,22.68,29.51,28.51,101166.52,-179649.39,-1.3,-9.64,0.35,0.24,-1.59,0.24,-0.96,-9.77,0.67,-0.49,-1.34,0.85,0.96,16.34,46.63,-19897.46,-19677.73,12.5,0.05,1.38,12.24,0.02
32275.0,0,0,1,0,0,0,0.0,0.0,49.3,23.14,23.93,23.01,22.7,29.5,28.52,101179.0,101246.61,-1.31,-9.64,0.36,0.3,-1.71,0.18,-0.97,-9.78,0.69,-0.43,-1.52,0.85,4.33,14.42,47.11,-19189.45,-19775.39,12.47,0.03,1.36,12.17,0.03
32302.0,0,0,1,0,0,0,0.0,0.0,49.3,23.14,25.22,23.01,22.7,29.49,28.51,101179.0,101246.61,-1.3,-9.64,0.44,0.37,-1.95,0.06,-0.95,-9.78,0.78,-0.3,-1.71,0.79,2.4,15.86,36.05,-20214.84,-19812.01,12.52,0.06,1.36,12.21,0.0
32327.0,0,0,1,0,0,0,0.0,0.0,49.25,23.09,24.9,22.99,22.65,29.48,28.51,101174.81,-179639.59,-1.29,-9.62,0.42,0.37,-1.77,0.0,-0.92,-9.77,0.73,-0.37,-1.59,0.73,9.61,17.3,51.91,-19604.49,-19848.63,12.44,0.05,1.37,12.25,0.0
32352.0,0,0,1,0,0,0,0.0,0.0,49.25,23.09,24.9,23.01,22.68,29.5,28.52,101173.33,-179651.09,-1.28,-9.63,0.39,0.3,-1.46,0.06,-0.91,-9.77,0.72,-0.43,-1.28,0.67,5.29,15.38,45.18,-19860.84,-19726.56,12.47,0.05,1.33,12.15,0.0
32378.0,0,0,1,0,0,0,0.0,0.0,49.25,23.09,24.9,23.02,-572.66,29.49,28.51,101168.73,-175726.94,-1.31,-9.62,0.43,0.12,-1.34,0.12,-0.94,-9.76,0.76,-0.55,-1.22,0.73,4.33,23.07,49.51,-19799.8,-20104.98,12.54,0.05,1.38,12.2,0.08
32403.0,0,0,1,0,0,0,0.0,0.0,49.25,23.09,24.9,23.03,22.7,29.5,28.51,101160.19,101268.33,-1.28,-9.62,0.45,0.18,-1.46,0.3,-0.93,-9.78,0.78,-0.49,-1.34,0.91,0.96,18.75,49.03,-19970.7,-19909.67,12.48,0.05,1.39,12.24,0.0
32428.0,0,0,1,0,0,0,0.0,0.0,49.35,23.09,25.86,23.05,22.73,29.49,28.53,101164.72,101299.77,-1.26,-9.64,0.41,0.18,-1.46,0.3,-0.9,-9.78,0.74,-0.55,-1.28,0.98,3.85,16.34,41.82,-19934.08,-19921.88,12.57,0.04,1.35,12.25,0.0
32454.0,0,0,1,0,0,0,0.0,0.0,49.35,23.09,23.93,23.06,22.73,29.5,28.53,101165.22,-179672.38,-1.27,-9.62,0.39,0.0,-1.52,0.43,-0.91,-9.78,0.72,-0.67,-1.34,1.16,3.85,15.38,46.15,-19152.83,-20617.68,12.45,0.04,1.36,11.98,0.01
32480.0,0,0,1,0,0,0,0.0,0.0,49.35,23.09,25.22,23.06,22.73,29.5,28.54,101165.22,-179672.38,-1.29,-9.65,0.44,0.0,-1.59,0.61,-0.93,-9.77,0.75,-0.67,-1.4,1.16,3.36,17.79,47.11,-19750.98,-19946.29,12.47,0.02,1.39,12.25,0.0
32505.0,0,0,1,0,0,0,0.0,0.0,49.35,23.09,25.54,23.03,22.71,29.5,28.53,101165.86,101279.09,-1.26,-9.64,0.42,0.06,-1.77,0.67,-0.9,-9.78,0.75,-0.67,-1.52,1.28,0.0,9.61,50.95,-19946.29,-20019.53,12.48,0.02,1.35,12.29,0.0
32530.0,0,0,1,0,0,0,0.0,0.0,49.32,23.06,25.54,23.05,22.72,29.5,28.53,101173.17,-179665.12,-1.28,-9.63,0.37,0.06,-1.59,0.67,-0.91,-9.77,0.73,-0.61,-1.46,1.28,4.81,14.42,40.38,-19653.32,-20202.64,12.51,0.05,1.38,12.18,0.02
32555.0,0,0,1,0,0,0,0.0,0.0,49.32,23.06,25.22,23.05,22.73,29.51,28.52,101163.94,101276.89,-1.33,-9.64,0.41,0.06,-1.59,0.73,-0.99,-9.77,0.76,-0.61,-1.4,1.34,4.81,17.79,46.15,-19873.05,-19689.94,12.53,0.06,1.37,12.16,0.01
32580.0,0,0,1,0,0,0,0.0,0.0,49.32,23.06,25.22,23.05,22.73,29.49,28.53,101157.0,101277.16,-1.3,-9.62,0.43,0.12,-1.65,0.73,-0.95,-9.75,0.76,-0.61,-1.46,1.34,4.81,24.52,52.4,-19177.25,-19763.18,12.57,0.05,1.33,12.2,0.0
32605.0,0,0,1,0,0,0,0.0,0.0,49.32,23.06,23.93,23.07,22.73,29.5,28.53,101157.95,-179672.38,-1.32,-9.62,0.42,0.06,-1.83,0.55,-0.96,-9.77,0.74,-0.55,-1.59,1.16,-0.48,14.9,52.4,-19860.84,-19946.29,12.51,0.05,1.35,12.17,0.0
32630.0,0,0,1,0,0,0,0.0,0.0,49.16,23.13,24.57,23.09,22.75,29.5,28.53,101165.98,-179679.61,-1.36,-9.63,0.4,0.12,-1.89,0.37,-1.0,-9.77,0.71,-0.61,-1.71,1.04,1.44,13.94,41.82,-19812.01,-19970.7,12.56,0.05,1.43,12.25,0.11
32656.0,0,0,1,0,0,0,0.0,0.0,49.16,23.13,23.93,23.09,22.75,29.5,28.52,101154.77,101242.05,-1.33,-9.62,0.44,0.06,-1.71,0.18,-0.98,-9.77,0.76,-0.49,-1.59,0.85,3.85,20.67,41.34,-19421.39,-19897.46,12.44,0.05,1.33,12.12,0.0
32682.0,0,0,1,0,0,0,0.0,0.0,49.16,23.13,24.25,23.09,22.75,29.5,28.51,101154.77,101242.05,-1.29,-9.62,0.38,0.0,-1.52,0.0,-0.94,-9.76,0.74,-0.61,-1.28,0.67,-0.96,16.34,49.51,-19531.25,-19702.15,12.5,0.04,1.37,12.17,0.01
32707.0,0,0,1,0,0,0,0.0,0.0,49.16,23.13,25.54,23.05,22.74,29.5,28.53,101165.22,-179675.34,-1.32,-9.62,0.43,-0.06,-1.52,0.0,-0.96,-9.76,0.78,-0.73,-1.34,0.61,3.85,17.79,45.18,-19995.12,-19946.29,12.52,0.08,1.38,12.24,0.01
32732.0,0,0,1,0,0,0,0.0,0.0,49.23,23.07,23.93,23.08,22.76,29.5,28.53,101159.92,-179681.3,-1.31,-9.64,0.43,-0.18,-1.34,0.12,-0.94,-9.77,0.77,-0.91,-1.16,0.73,0.96,12.98,38.46,-19873.05,-20043.95,12.53,0.05,1.33,12.25,0.01
32757.0,0,0,1,0,0,0,0.0,0.0,49.23,23.07,24.25,23.08,22.75,29.49,28.51,101162.03,-179680.88,-1.29,-9.61,0.41,-0.24,-1.16,0.12,-0.94,-9.77,0.75,-0.98,-0.98,0.73,2.4,18.27,44.22,-20068.36,-19970.7,12.57,0.05,1.35,12.25,0.01
32783.0,0,0,1,0,0,0,0.0,0.0,49.23,23.07,24.25,23.1,22.78,29.5,28.53,101160.22,-179690.23,-1.31,-9.62,0.4,-0.3,-1.22,0.06,-0.96,-9.76,0.77,-1.04,-1.1,0.73,-0.48,18.27,49.03,-19592.29,-19873.05,12.11,0.04,1.37,12.21,0.01
32808.0,0,0,1,0,0,0,0.0,0.0,49.23,23.07,24.57,23.11,22.78,29.51,28.53,101178.59,-179691.52,-1.31,-9.61,0.45,-0.3,-1.4,0.18,-0.95,-9.76,0.8,-1.04,-1.22,0.79,0.96,13.94,44.7,-19689.94,-19824.22,12.53,0.04,1.35,12.2,0.0
32833.0,0,0,1,0,0,0,0.0,0.0,49.23,23.09,25.54,23.1,22.8,29.51,28.54,101154.77,-179697.48,-1.28,-9.63,0.41,-0.24,-1.34,0.12,-0.94,-9.78,0.72,-0.98,-1.22,0.73,-1.92,19.71,47.59,-19726.56,-19653.32,12.39,0.05,1.33,12.2,0.0
32861.0,0,0,1,0,0,0,0.0,0.0,49.23,23.09,24.25,23.11,22.77,29.52,28.53,101162.75,-179686.84,-1.32,-9.63,0.4,-0.3,-1.34,-0.06,-0.97,-9.77,0.74,-1.04,-1.1,0.67,3.36,16.34,41.82,-19763.18,-19934.08,12.34,0.03,1.32,12.22,0.0
32887.0,0,0,1,0,0,0,0.0,0.0,49.23,23.09,23.93,23.07,22.76,29.49,28.53,101165.27,101285.28,-1.33,-9.63,0.42,-0.3,-1.28,-0.12,-0.96,-9.76,0.75,-0.98,-1.16,0.61,1.92,14.42,54.32,-19970.7,-19604.49,12.52,0.05,1.35,12.17,0.01
32912.0,0,0,1,0,0,0,0.0,0.0,49.23,23.09,24.9,23.09,22.76,29.52,28.54,101168.41,-179683.0,-1.31,-9.64,0.41,-0.18,-1.34,-0.18,-0.95,-9.77,0.75,-0.91,-1.22,0.49,2.88,21.15,44.7,-19726.56,-20166.02,12.54,0.05,1.38,12.27,0.12
32938.0,0,0,1,0,0,0,0.0,0.0,49.31,23.07,25.22,23.1,22.77,29.52,28.54,101170.52,-179686.84,-1.31,-9.63,0.38,-0.18,-1.46,-0.24,-0.94,-9.77,0.71,-0.91,-1.34,0.43,7.69,12.98,35.09,-19824.22,-20007.32,12.48,0.05,1.36,12.25,0.02
32963.0,0,0,1,0,0,0,0.0,0.0,49.31,23.07,24.57,23.1,-572.66,29.53,28.53,101176.75,-175722.44,-1.31,-9.64,0.4,-0.18,-1.4,-0.24,-0.97,-9.76,0.73,-0.85,-1.22,0.37,4.81,17.3,47.11,-19592.29,-20043.95,12.5,0.04,1.36,12.22,0.01
32988.0,0,0,1,0,0,0,0.0,0.0,49.31,23.07,25.86,23.1,22.76,29.51,28.54,101169.02,101278.55,-1.3,-9.63,0.44,-0.12,-1.52,-0.3,-0.94,-9.78,0.78,-0.79,-1.34,0.37,-2.4,12.5,46.63,-19909.67,-19860.84,12.48,0.03,1.34,12.23,0.0
33014.0,0,0,1,0,0,0,0.0,0.0,49.31,23.07,25.22,23.1,22.79,29.52,28.53,101165.64,101246.94,-1.29,-9.63,0.4,-0.18,-1.52,-0.3,-0.93,-9.76,0.72,-0.85,-1.4,0.37,4.33,13.94,40.38,-19909.67,-19848.63,12.55,0.06,1.36,12.23,0.0
33040.0,0,0,1,0,0,0,0.0,0.0,49.39,23.07,24.9,23.12,22.79,29.51,28.53,101161.83,101266.56,-1.27,-9.63,0.4,-0.24,-1.4,-0.12,-0.95,-9.77,0.72,-0.91,-1.28,0.49,2.88,10.09,49.51,-19848.63,-19860.84,12.53,0.09,1.36,12.25,0.01
33067.0,0,0,1,0,0,0,0.0,0.0,49.39,23.07,24.25,23.12,22.79,29.52,28.53,101161.83,101266.56,-1.28,-9.64,0.48,-0.18,-1.34,-0.06,-0.93,-9.76,0.78,-0.85,-1.22,0.55,5.77,15.38,47.59,-19580.08,-19726.56,12.47,0.07,1.39,12.15,0.07
33093.0,0,0,1,0,0,0,0.0,0.0,49.39,23.07,24.57,23.08,22.76,29.51,28.54,101172.22,-179683.86,-1.29,-9.62,0.36,-0.12,-1.28,0.06,-0.96,-9.75,0.68,-0.85,-1.1,0.67,0.96,17.79,44.22,-19946.29,-19921.88,12.55,0.04,1.35,12.27,0.0
33118.0,0,0,1,0,0,0,0.0,0.0,49.39,23.07,25.54,23.09,-572.66,29.51,28.52,101162.39,-175726.94,-1.31,-9.64,0.4,-0.06,-1.34,0.0,-0.94,-9.76,0.71,-0.79,-1.16,0.61,4.33,15.86,38.94,-19848.63,-19958.5,12.53,0.06,1.35,12.23,0.0
33144.0,0,0,1,0,0,0,0.0,0.0,49.23,23.06,26.19,23.09,-572.66,29.51,28.51,101169.66,-175733.66,-1.31,-9.63,0.45,0.0,-1.65,0.0,-0.95,-9.76,0.78,-0.67,-1.46,0.61,5.29,18.75,55.76,-18554.69,-19763.18,12.34,0.07,1.36,11.88,0.0
33169.0,0,0,1,0,0,0,0.0,0.0,49.23,23.06,23.93,23.11,22.77,29.51,28.52,101173.5,101255.69,-1.29,-9.64,0.41,0.12,-1.77,0.0,-0.93,-9.77,0.73,-0.55,-1.59,0.61,6.25,20.19,43.26,-19750.98,-19775.39,12.53,0.03,1.38,12.22,0.0
33195.0,0,0,1,0,0,0,0.0,0.0,49.23,23.06,25.22,23.11,22.79,29.51,28.52,101171.88,-179697.05,-1.29,-9.62,0.39,0.12,-1.59,0.0,-0.93,-9.76,0.72,-0.61,-1.46,0.67,1.92,11.54,36.53,-19921.88,-19934.08,12.48,0.03,1.38,12.18,0.0
33220.0,0,0,1,0,0,0,0.0,0.0,49.23,23.06,24.57,23.11,22.78,29.52,28.53,101156.88,101259.72,-1.28,-9.61,0.41,0.06,-1.59,0.12,-0.92,-9.75,0.74,-0.61,-1.4,0.67,0.96,12.5,51.43,-19665.53,-19848.63,12.55,0.05,1.36,12.21,0.05
33248.0,0,0,1,0,0,0,0.0,0.0,49.39,23.03,25.22,23.12,22.78,29.51,28.52,101162.78,-179691.94,-1.3,-9.62,0.45,-0.06,-1.52,0.06,-0.93,-9.78,0.77,-0.67,-1.34,0.73,3.85,11.54,47.11,-19873.05,-19958.5,12.48,0.04,1.36,12.22,0.01
33273.0,0,0,1,0,0,0,0.0,0.0,49.39,23.03,24.57,23.08,22.75,29.51,28.53,101157.39,101260.23,-1.29,-9.63,0.4,0.06,-1.4,0.12,-0.94,-9.76,0.71,-0.73,-1.22,0.73,1.92,19.23,48.07,-19458.01,-20031.74,12.54,0.03,1.39,12.18,0.02
33298.0,0,0,1,0,0,0,0.0,0.0,49.39,23.03,27.15,23.1,22.75,29.52,28.53,101173.14,-179680.88,-1.29,-9.63,0.42,0.0,-1.28,0.12,-0.93,-9.75,0.73,-0.73,-1.1,0.79,3.85,11.54,47.59,-19860.84,-20043.95,12.55,0.07,1.38,12.19,0.02
33324.0,0,0,1,0,0,0,0.0,0.0,49.39,23.03,24.9,23.1,22.76,29.51,28.52,101162.64,-179683.44,-1.28,-9.63,0.46,0.0,-1.46,0.12,-0.94,-9.77,0.77,-0.67,-1.28,0.73,0.0,11.54,48.55,-19567.87,-19714.36,12.55,0.04,1.36,12.15,0.01
33349.0,0,0,1,0,0,0,0.0,0.0,49.38,23.11,25.54,23.11,-572.66,29.52,28.55,101157.66,-175762.75,-1.27,-9.63,0.39,0.06,-1.34,0.06,-0.93,-9.77,0.72,-0.67,-1.28,0.73,5.77,17.79,46.15,-19812.01,-20043.95,12.49,0.09,1.35,12.23,0.0
33374.0,0,0,1,0,0,0,0.0,0.0,49.38,23.11,24.9,23.11,22.79,29.52,28.54,101159.86,101269.31,-1.3,-9.62,0.43,0.12,-1.34,0.06,-0.96,-9.77,0.75,-0.55,-1.22,0.73,3.36,12.98,42.78,-19799.8,-19909.67,12.53,0.05,1.38,12.24,0.0
33399.0,0,0,1,0,0,0,0.0,0.0,49.38,23.11,25.54,23.12,22.77,29.53,28.53,101160.22,-179688.97,-1.3,-9.65,0.41,0.06,-1.52,0.06,-0.96,-9.76,0.71,-0.61,-1.34,0.67,2.88,12.5,41.34,-19689.94,-19787.6,12.5,0.05,1.4,12.23,0.0
33424.0,0,0,1,0,0,0,0.0,0.0,49.38,23.11,25.54,23.13,22.78,29.52,28.53,101175.86,-179690.23,-1.28,-9.62,0.43,0.18,-1.59,0.06,-0.93,-9.75,0.76,-0.55,-1.4,0.73,3.36,18.75,45.18,-19702.15,-19885.25,12.43,0.06,1.33,12.21,0.0
33453.0,0,0,1,0,0,0,0.0,0.0,49.25,23.06,25.54,23.13,22.78,29.52,28.53,101175.86,-179690.23,-1.26,-9.63,0.47,0.24,-1.4,-0.06,-0.92,-9.76,0.77,-0.43,-1.22,0.61,-3.85,14.42,42.3,-19897.46,-19885.25,12.58,0.05,1.36,12.18,0.01
33478.0,0,0,1,0,0,0,0.0,0.0,49.25,23.06,25.22,23.1,22.77,29.54,28.52,101174.89,-179687.27,-1.32,-9.63,0.4,0.3,-1.46,0.0,-0.97,-9.77,0.69,-0.43,-1.28,0.61,3.36,14.42,50.95,-19787.6,-19787.6,12.52,0.02,1.33,12.21,0.0
33503.0,0,0,1,0,0,0,0.0,0.0,49.25,23.06,23.93,23.1,-572.66,29.53,28.53,101162.39,-175778.44,-1.28,-9.64,0.48,0.3,-1.65,0.06,-0.92,-9.77,0.77,-0.49,-1.46,0.73,-4.81,8.65,51.91,-19616.7,-19726.56,12.55,0.05,1.35,12.28,0.0
33529.0,0,0,1,0,0,0,0.0,0.0,49.25,23.06,25.22,23.1,-572.66,29.53,28.53,101161.83,-175767.25,-1.25,-9.63,0.41,0.24,-1.52,-0.06,-0.89,-9.75,0.71,-0.49,-1.34,0.55,6.25,17.3,49.99,-19885.25,-19702.15,12.53,0.07,1.34,12.22,0.0
33554.0,0,0,1,0,0,0,0.0,0.0,49.39,23.03,24.57,23.11,22.77,29.53,28.52,101157.66,101283.69,-1.35,-9.62,0.4,0.06,-1.4,0.0,-1.0,-9.75,0.69,-0.61,-1.34,0.55,1.92,21.63,46.15,-19177.25,-19775.39,12.52,0.05,1.38,12.19,0.01
33579.0,0,0,1,0,0,0,0.0,0.0,49.39,23.03,24.57,23.12,22.78,29.53,28.53,101171.91,-179690.67,-1.28,-9.63,0.56,0.0,-1.65,0.12,-0.92,-9.76,0.86,-0.67,-1.46,0.73,2.4,14.42,55.76,-19812.01,-19921.88,12.53,0.06,1.37,12.31,0.0
33604.0,0,0,1,0,0,0,0.0,0.0,49.39,23.03,25.22,23.13,22.79,29.54,28.53,101166.5,-179697.05,-1.21,-9.64,0.43,-0.06,-1.4,-0.06,-0.84,-9.77,0.75,-0.73,-1.28,0.61,7.21,19.23,42.3,-19799.8,-19873.05,12.52,0.06,1.37,12.25,0.02
33633.0,0,0,1,0,0,0,0.0,0.0,49.39,23.03,24.9,23.12,22.8,29.54,28.54,101158.38,101270.11,-1.32,-9.63,0.41,-0.24,-1.16,0.06,-0.97,-9.77,0.73,-0.91,-1.04,0.61,6.73,18.75,38.94,-19360.35,-20043.95,12.52,0.07,1.38,12.3,0.01
33658.0,0,0,1,0,0,0,0.0,0.0,49.44,23.17,25.22,23.11,22.75,29.54,28.54,101170.16,101256.75,-1.31,-9.62,0.49,-0.3,-1.34,0.24,-0.96,-9.77,0.8,-0.98,-1.1,0.85,3.85,12.02,51.43,-18029.79,-19750.98,12.32,0.04,1.34,11.69,0.01
33683.0,0,0,1,0,0,0,0.0,0.0,49.44,23.17,24.9,23.11,22.77,29.55,28.53,101163.56,-179687.69,-1.22,-9.65,0.52,-0.24,-1.22,0.24,-0.84,-9.78,0.82,-0.98,-1.04,0.91,4.33,11.54,40.38,-19641.11,-20117.19,12.46,0.05,1.4,12.15,0.01
33708.0,0,0,1,0,0,0,0.0,0.0,49.44,23.17,25.22,23.11,-572.66,29.55,28.55,101162.19,-175785.16,-1.3,-9.63,0.39,-0.18,-1.22,0.18,-0.96,-9.75,0.72,-0.98,-1.04,0.85,3.85,13.46,38.46,-19726.56,-19995.12,12.53,0.04,1.39,12.21,0.05
33734.0,0,0,1,0,0,0,0.0,0.0,49.44,23.17,25.22,23.12,22.78,29.56,28.54,101143.48,101268.62,-1.33,-9.62,0.39,-0.37,-1.65,0.43,-0.98,-9.73,0.7,-1.1,-1.52,0.98,3.36,11.54,39.42,-19787.6,-19726.56,12.55,0.05,1.38,12.22,0.0
33760.0,0,0,1,0,0,0,0.0,0.0,49.44,23.15,24.25,23.13,22.8,29.56,28.54,101158.52,101265.92,-1.23,-9.66,0.52,-0.3,-1.77,0.37,-0.85,-9.78,0.85,-1.04,-1.65,0.98,1.92,14.42,47.59,-19873.05,-19738.77,12.53,0.04,1.34,12.25,0.01
33785.0,0,0,1,0,0,0,0.0,0.0,49.44,23.15,24.25,23.13,22.78,29.56,28.55,101163.25,-179691.94,-1.27,-9.62,0.45,-0.24,-1.52,0.24,-0.91,-9.77,0.76,-0.91,-1.34,0.91,1.92,20.19,39.42,-19897.46,-19616.7,12.48,0.09,1.31,12.25,0.0
33811.0,0,0,1,0,0,0,0.0,0.0,49.44,23.15,25.22,23.14,22.8,29.56,28.53,101171.59,-179700.88,-1.34,-9.61,0.35,-0.24,-1.46,0.49,-0.98,-9.76,0.63,-0.98,-1.34,1.04,0.96,18.75,49.03,-19750.98,-20202.64,12.53,0.05,1.35,12.26,0.01
33838.0,0,0,1,0,0,0,0.0,0.0,49.44,23.15,24.57,23.14,22.8,29.57,28.54,101171.59,-179700.88,-1.26,-9.64,0.48,-0.24,-1.59,0.49,-0.89,-9.77,0.8,-0.91,-1.52,1.1,-0.48,17.3,52.4,-20007.32,-19726.56,12.52,0.05,1.35,12.13,0.0
33864.0,0,0,1,0,0,0,0.0,0.0,49.35,23.09,25.54,23.1,-572.66,29.55,28.56,101159.61,-175753.81,-1.28,-9.62,0.48,0.0,-1.59,0.37,-0.92,-9.77,0.79,-0.73,-1.46,1.04,-0.48,13.94,47.11,-19970.7,-19860.84,12.49,0.05,1.38,12.25,0.02
33889.0,0,0,1,0,0,0,0.0,0.0,49.35,23.09,25.54,23.11,22.76,29.59,28.55,101153.06,101284.14,-1.33,-9.63,0.37,0.18,-1.77,0.43,-0.97,-9.78,0.71,-0.55,-1.52,1.04,2.88,18.75,42.3,-19714.36,-20007.32,12.56,0.05,1.38,12.33,0.02
33915.0,0,0,1,0,0,0,0.0,0.0,49.35,23.09,25.22,23.12,22.78,29.57,28.55,101165.56,-179690.67,-1.27,-9.64,0.42,0.3,-2.2,0.61,-0.91,-9.78,0.75,-0.43,-1.95,1.22,0.48,11.54,44.7,-20129.39,-19909.67,12.58,0.05,1.51,12.28,0.0
33940.0,0,0,1,0,0,0,0.0,0.0,49.35,23.09,25.22,23.13,22.79,29.58,28.56,101160.83,-179695.34,-1.25,-9.64,0.45,0.49,-2.2,0.67,-0.89,-9.78,0.77,-0.24,-2.01,1.34,3.85,11.54,56.24,-19677.73,-19860.84,12.55,0.05,1.35,12.16,0.02
33965.0,0,0,1,0,0,0,0.0,0.0,49.28,23.07,25.22,23.12,-572.66,29.57,28.56,101166.25,-175744.84,-1.29,-9.62,0.38,0.73,-1.95,0.91,-0.93,-9.78,0.72,0.06,-1.77,1.59,1.92,17.79,48.55,-18920.9,-19641.11,12.61,0.05,1.36,12.0,0.0
33990.0,0,0,1,0,0,0,0.0,0.0,49.28,23.07,24.25,23.14,22.8,29.58,28.56,101171.48,101253.11,-1.3,-9.63,0.4,0.91,-1.89,1.1,-0.95,-9.79,0.74,0.12,-1.65,1.71,2.88,19.23,46.15,-19775.39,-19921.88,12.59,0.02,1.35,12.29,0.0
34015.0,0,0,1,0,0,0,0.0,0.0,49.28,23.07,24.9,23.15,-572.66,29.59,28.56,101159.7,-175724.69,-1.31,-9.63,0.45,1.04,-2.2,1.1,-0.94,-9.76,0.74,0.3,-1.89,1.71,0.0,17.79,49.03,-19812.01,-19665.53,12.5,0.0,1.36,12.25,0.0
34043.0,0,0,1,0,0,0,0.0,0.0,49.28,23.07,23.61,23.14,22.82,29.59,28.58,101155.28,101288.19,-1.35,-9.63,0.5,1.1,-2.8,1.04,-0.98,-9.75,0.8,0.37,-2.62,1.59,-1.92,14.42,42.3,-19702.15,-19812.01,12.54,0.04,1.42,12.22,0.16
34068.0,0,0,1,0,0,0,0.0,0.0,49.38,23.1,24.25,23.11,-572.66,29.59,28.58,101174.33,-175760.53,-1.31,-9.63,0.45,1.04,-3.05,1.16,-0.97,-9.74,0.75,0.37,-2.8,1.77,3.85,16.82,53.84,-19348.14,-19458.01,12.5,0.05,1.36,12.11,0.0
34094.0,0,0,1,0,0,0,0.0,0.0,49.38,23.1,25.86,23.13,22.79,29.6,28.57,101168.0,101260.3,-1.25,-9.62,0.5,0.98,-2.56,1.22,-0.89,-9.76,0.8,0.3,-2.44,1.89,-1.44,14.9,53.84,-19409.18,-19934.08,12.52,0.06,1.38,12.15,0.01
34120.0,0,0,1,0,0,0,0.0,0.0,49.38,23.1,25.22,23.13,22.81,29.6,28.59,101162.22,101265.97,-1.34,-9.61,0.53,0.79,-2.01,1.1,-0.99,-9.75,0.8,0.18,-1.89,1.71,5.29,18.75,47.59,-19653.32,-20092.77,12.79,0.05,1.33,12.19,0.0
34145.0,0,0,1,0,0,0,0.0,0.0,49.38,23.1,27.15,23.14,22.81,29.59,28.58,101170.78,-179701.31,-1.37,-9.61,0.46,0.61,-2.13,1.04,-1.02,-9.74,0.78,0.0,-1.95,1.59,-0.48,22.59,47.59,-19470.21,-19995.12,12.53,0.06,1.4,11.93,0.02
34171.0,0,0,1,0,0,0,0.0,0.0,49.49,23.13,25.22,23.14,22.79,29.6,28.58,101160.38,101246.25,-1.34,-9.62,0.52,0.49,-2.2,0.73,-0.98,-9.75,0.83,-0.24,-2.07,1.28,3.85,12.98,40.86,-19970.7,-19860.84,12.53,0.06,1.34,12.18,0.0
34196.0,0,0,1,0,0,0,0.0,0.0,49.49,23.13,24.25,23.15,22.81,29.61,28.56,101165.72,-179701.73,-1.34,-9.62,0.49,0.3,-1.89,0.37,-0.98,-9.76,0.8,-0.3,-1.77,1.04,-1.44,13.94,50.47,-19775.39,-17773.44,12.55,0.05,1.39,12.17,0.02
34223.0,0,0,1,0,0,0,0.0,0.0,49.49,23.13,25.22,23.15,22.81,29.61,28.58,101165.72,-179701.73,-1.36,-9.62,0.5,0.24,-1.46,0.18,-1.0,-9.75,0.83,-0.55,-1.28,0.79,-1.44,19.23,44.22,-18737.79,-19812.01,12.39,0.06,1.35,11.95,0.01
34249.0,0,0,1,0,0,0,0.0,0.0,49.49,23.13,25.54,23.12,22.78,29.62,28.58,101153.06,-179689.81,-1.37,-9.62,0.51,0.06,-1.52,0.06,-1.0,-9.76,0.85,-0.67,-1.4,0.67,4.33,18.27,39.42,-19763.18,-20092.77,12.56,0.05,1.34,12.23,0.0
34274.0,0,0,1,0,0,0,0.0,0.0,49.4,23.24,24.25,23.13,22.79,29.63,28.6,101169.62,-179696.62,-1.33,-9.61,0.44,-0.12,-1.83,-0.12,-0.97,-9.76,0.75,-0.79,-1.77,0.43,0.96,8.17,50.47,-19665.53,-19787.6,12.54,0.05,1.37,12.24,0.01
34300.0,0,0,1,0,0,0,0.0,0.0,49.4,23.24,24.25,23.13,-572.66,29.63,28.6,101169.39,-175738.12,-1.32,-9.61,0.53,-0.24,-1.83,-0.24,-0.97,-9.76,0.84,-0.91,-1.65,0.43,-0.48,14.9,37.97,-19628.91,-20056.15,12.53,0.05,1.34,12.24,0.0
34325.0,0,0,1,0,0,0,0.0,0.0,49.4,23.24,26.19,23.15,22.81,29.64,28.6,101167.33,101262.73,-1.34,-9.63,0.57,-0.24,-1.4,-0.24,-0.97,-9.75,0.88,-0.98,-1.16,0.43,0.0,18.27,42.78,-19848.63,-19653.32,12.5,0.05,1.34,12.22,0.0
34350.0,0,0,1,0,0,0,0.0,0.0,49.4,23.24,23.93,23.15,22.81,29.64,28.6,101160.73,101279.55,-1.33,-9.6,0.41,-0.3,-1.16,-0.3,-0.97,-9.74,0.72,-1.04,-0.91,0.3,2.4,13.46,40.86,-19714.36,-19738.77,12.52,0.04,1.36,12.22,0.01
34376.0,0,0,1,0,0,0,0.0,0.0,49.23,23.1,25.22,23.16,22.83,29.64,28.6,101155.67,-179710.25,-1.35,-9.63,0.5,-0.43,-1.59,-0.37,-0.99,-9.78,0.8,-1.16,-1.34,0.3,0.96,16.82,45.67,-20202.64,-19616.7,12.46,0.04,1.41,12.07,0.0
34401.0,0,0,1,0,0,0,0.0,0.0,49.23,23.1,25.22,23.16,22.82,29.64,28.6,101168.39,101286.36,-1.32,-9.62,0.51,-0.3,-1.59,-0.37,-0.97,-9.76,0.83,-1.1,-1.34,0.24,1.44,18.27,39.9,-19824.22,-19531.25,12.56,0.05,1.36,12.14,0.01
34429.0,0,0,1,0,0,0,0.0,0.0,49.23,23.1,24.9,23.17,22.85,29.65,28.6,101161.92,-179717.91,-1.31,-9.62,0.43,-0.24,-1.28,-0.43,-0.95,-9.77,0.75,-0.98,-1.1,0.18,2.4,12.5,50.95,-19616.7,-19885.25,12.48,0.05,1.38,12.23,0.05
34455.0,0,0,1,0,0,0,0.0,0.0,49.23,23.1,24.25,23.13,22.81,29.65,28.6,101171.95,-179704.28,-1.3,-9.63,0.44,-0.24,-1.4,-0.43,-0.95,-9.77,0.74,-0.98,-1.28,0.12,0.96,20.19,49.03,-19616.7,-19860.84,12.54,0.07,1.32,12.18,0.0
34481.0,0,0,1,0,0,0,0.0,0.0,49.4,23.09,23.93,23.14,22.79,29.65,28.59,101168.81,-179696.2,-1.34,-9.63,0.52,-0.18,-1.59,-0.55,-0.97,-9.76,0.82,-0.91,-1.46,0.12,3.85,14.42,35.57,-19531.25,-19848.63,12.52,0.04,1.38,12.25,0.01
34506.0,0,0,1,0,0,0,0.0,0.0,49.4,23.09,24.57,23.14,-572.66,29.65,28.61,101149.86,-175720.22,-1.31,-9.63,0.5,-0.06,-1.65,-0.55,-0.95,-9.77,0.81,-0.79,-1.4,0.18,0.48,19.23,34.13,-19970.7,-19738.77,12.52,0.04,1.38,12.25,0.0
34532.0,0,0,1,0,0,0,0.0,0.0,49.4,23.09,26.19,23.14,22.81,29.63,28.62,101163.05,101254.55,-1.29,-9.62,0.43,-0.06,-1.46,-0.49,-0.94,-9.76,0.73,-0.79,-1.34,0.18,2.4,17.3,47.59,-20654.3,-19824.22,12.5,0.05,1.36,12.24,0.0
34558.0,0,0,1,0,0,0,0.0,0.0,49.4,23.09,24.9,23.16,22.83,29.65,28.61,101170.7,101237.86,-1.28,-9.63,0.48,-0.12,-1.4,-0.49,-0.95,-9.75,0.81,-0.79,-1.28,0.24,0.48,12.02,50.47,-19531.25,-19873.05,12.58,0.03,1.35,12.16,0.02
34583.0,0,0,1,0,0,0,0.0,0.0,49.3,23.07,24.25,23.17,-572.66,29.65,28.62,101172.22,-175715.75,-1.29,-9.64,0.53,0.0,-1.4,-0.43,-0.94,-9.75,0.82,-0.67,-1.28,0.24,4.33,12.5,48.07,-19763.18,-19726.56,12.5,0.05,1.34,12.25,0.0
34609.0,0,0,1,0,0,0,0.0,0.0,49.3,23.07,24.57,23.17,22.82,29.67,28.62,101165.84,101266.55,-1.3,-9.62,0.43,0.06,-1.4,-0.37,-0.95,-9.77,0.74,-0.61,-1.22,0.3,-0.48,12.5,37.01,-19812.01,-19775.39,12.52,0.08,1.34,12.26,0.0
34637.0,0,0,1,0,0,0,0.0,0.0,49.3,23.07,25.22,23.17,22.82,29.67,28.62,101165.84,101266.55,-1.27,-9.63,0.47,0.06,-1.52,-0.37,-0.92,-9.77,0.79,-0.67,-1.34,0.3,4.33,16.82,32.69,-19909.67,-19689.94,12.52,0.04,1.36,12.27,0.0
34662.0,0,0,1,0,0,0,0.0,0.0,49.3,23.07,24.25,23.13,22.81,29.67,28.62,101157.12,101274.41,-1.3,-9.62,0.53,0.12,-1.52,-0.24,-0.92,-9.75,0.84,-0.55,-1.4,0.37,-3.36,13.94,37.01,-19067.38,-19946.29,12.43,0.04,1.44,12.04,0.0
34687.0,0,0,1,0,0,0,0.0,0.0,49.58,23.15,25.54,23.14,22.8,29.66,28.61,101160.27,101248.47,-1.3,-9.62,0.45,0.18,-1.52,-0.12,-0.93,-9.74,0.78,-0.49,-1.34,0.43,0.96,13.46,44.7,-19799.8,-19763.18,12.5,0.04,1.35,12.25,0.0
34712.0,0,0,1,0,0,0,0.0,0.0,49.58,23.15,24.25,23.16,22.81,29.66,28.62,101159.95,-179705.14,-1.26,-9.64,0.45,0.12,-1.52,-0.06,-0.91,-9.77,0.77,-0.55,-1.28,0.55,-1.44,18.27,46.15,-19885.25,-19860.84,12.51,0.05,1.34,12.18,0.0
34738.0,0,0,1,0,0,0,0.0,0.0,49.58,23.15,25.22,23.15,22.82,29.68,28.64,101167.94,-179708.97,-1.28,-9.63,0.51,0.18,-1.34,-0.06,-0.93,-9.75,0.8,-0.49,-1.1,0.61,-0.48,14.9,39.9,-19714.36,-20068.36,12.51,0.04,1.32,12.21,0.0
34763.0,0,0,1,0,0,0,0.0,0.0,49.58,23.15,24.25,23.16,22.83,29.67,28.63,101166.08,-179711.52,-1.29,-9.62,0.47,0.3,-1.28,0.06,-0.94,-9.76,0.8,-0.37,-1.1,0.73,1.44,19.23,39.9,-19848.63,-19079.59,12.55,0.05,1.36,12.13,0.0
34788.0,0,0,1,0,0,0,0.0,0.0,49.44,23.15,25.86,23.17,22.84,29.67,28.62,101169.94,101314.47,-1.27,-9.63,0.46,0.37,-1.59,0.12,-0.92,-9.76,0.78,-0.37,-1.4,0.73,-1.44,12.98,35.09,-19812.01,-19799.8,12.51,0.05,1.38,12.22,0.0
34816.0,0,0,1,0,0,0,0.0,0.0,49.44,23.15,24.57,23.18,22.84,29.67,28.63,101166.91,-179716.62,-1.29,-9.62,0.52,0.3,-1.95,0.12,-0.94,-9.77,0.8,-0.3,-1.71,0.73,4.81,12.5,34.13,-19519.04,-19836.43,12.51,0.05,1.32,12.21,0.01
34841.0,0,0,1,0,0,0,0.0,0.0,49.44,23.15,25.22,23.15,22.82,29.68,28.64,101158.88,101286.78,-1.27,-9.63,0.5,0.37,-1.71,0.18,-0.93,-9.76,0.8,-0.24,-1.65,0.85,-0.48,18.27,46.63,-19775.39,-19775.39,12.54,0.05,1.35,12.2,0.0
34866.0,0,0,1,0,0,0,0.0,0.0,49.44,23.15,25.22,23.16,22.83,29.69,28.64,101170.25,-179711.95,-1.26,-9.63,0.51,0.37,-1.52,0.24,-0.91,-9.76,0.81,-0.3,-1.28,0.85,6.73,14.42,46.63,-19506.84,-19641.11,12.51,0.0,1.37,12.21,0.02
34891.0,0,0,1,0,0,0,0.0,0.0,49.26,23.14,25.22,23.16,-572.66,29.68,28.63,101167.02,-175762.75,-1.28,-9.62,0.51,0.3,-1.52,0.24,-0.93,-9.76,0.81,-0.37,-1.28,0.91,3.85,15.86,40.86,-19934.08,-19775.39,12.52,0.07,1.37,12.2,0.01
34916.0,0,0,1,0,0,0,0.0,0.0,49.26,23.14,25.22,23.17,-572.66,29.69,28.64,101176.73,-175785.16,-1.3,-9.62,0.52,0.37,-1.71,0.3,-0.94,-9.76,0.82,-0.37,-1.52,0.91,-0.48,12.98,40.86,-19824.22,-20166.02,12.56,0.05,1.34,12.18,0.0
34941.0,0,0,1,0,0,0,0.0,0.0,49.26,23.14,25.54,23.17,22.85,29.68,28.65,101173.14,101285.61,-1.3,-9.63,0.54,0.3,-1.77,0.3,-0.96,-9.77,0.82,-0.37,-1.59,0.98,1.92,17.79,52.4,-20373.54,-19848.63,12.37,0.03,1.35,12.26,0.01
34966.0,0,0,1,0,0,0,0.0,0.0,49.26,23.14,24.9,23.19,22.85,29.7,28.67,101173.78,-179720.89,-1.28,-9.62,0.51,0.24,-1.65,0.37,-0.92,-9.76,0.78,-0.43,-1.4,0.98,4.33,16.82,49.03,-19921.88,-20043.95,12.5,0.07,1.34,11.98,0.01
34991.0,0,0,1,0,0,0,0.0,0.0,49.56,23.21,26.51,23.19,-572.66,29.7,28.65,101187.86,-175767.25,-1.29,-9.63,0.53,0.18,-1.52,0.24,-0.95,-9.77,0.82,-0.43,-1.4,0.91,1.92,18.27,47.11,-19738.77,-20056.15,12.49,0.07,1.36,12.28,0.0
35020.0,0,0,1,0,0,0,0.0,0.0,49.56,23.21,25.22,23.19,-572.66,29.68,28.64,101187.86,-175767.25,-1.32,-9.61,0.52,0.18,-1.59,0.18,-0.96,-9.76,0.81,-0.49,-1.46,0.91,5.29,16.82,48.07,-19726.56,-19738.77,12.46,0.08,1.35,12.23,0.0
35045.0,0,0,1,0,0,0,0.0,0.0,49.56,23.21,25.22,23.15,22.83,29.68,28.63,101171.5,-179710.67,-1.29,-9.61,0.48,0.12,-1.65,0.18,-0.92,-9.78,0.79,-0.55,-1.52,0.85,1.92,11.54,44.22,-19702.15,-19775.39,12.5,0.07,1.35,12.25,0.0
35070.0,0,0,1,0,0,0,0.0,0.0,49.56,23.21,24.9,23.16,-572.66,29.69,28.65,101176.38,-175771.72,-1.28,-9.61,0.53,0.06,-1.71,0.18,-0.94,-9.76,0.84,-0.61,-1.59,0.79,-0.96,17.3,45.18,-19714.36,-19824.22,12.54,0.09,1.36,12.26,0.01
35096.0,0,0,1,0,0,0,0.0,0.0,49.62,23.11,25.54,23.17,22.84,29.7,28.65,101176.98,-179716.62,-1.31,-9.62,0.51,-0.06,-1.71,0.18,-0.96,-9.75,0.82,-0.73,-1.52,0.79,3.85,17.79,46.15,-19995.12,-19836.43,12.52,0.06,1.36,12.24,0.0
35121.0,0,0,1,0,0,0,0.0,0.0,49.62,23.11,23.93,23.18,22.86,29.7,28.65,101177.67,-179724.72,-1.29,-9.64,0.51,-0.12,-1.65,0.18,-0.93,-9.76,0.78,-0.85,-1.46,0.79,3.85,20.19,43.74,-19726.56,-19384.77,12.54,0.04,1.37,12.22,0.01
35147.0,0,0,1,0,0,0,0.0,0.0,49.62,23.11,24.57,23.18,-572.66,29.7,28.65,101171.91,-175782.91,-1.29,-9.63,0.52,-0.24,-1.4,0.12,-0.92,-9.76,0.8,-0.98,-1.28,0.73,4.81,16.34,50.95,-18859.86,-18017.58,12.36,0.05,1.33,11.95,0.0
35172.0,0,0,1,0,0,0,0.0,0.0,49.62,23.11,23.61,23.18,-572.66,29.7,28.66,101179.56,-175753.81,-1.31,-9.63,0.53,-0.3,-1.34,0.18,-0.95,-9.76,0.82,-0.98,-1.22,0.73,1.92,17.79,38.46,-19836.43,-19848.63,12.55,0.04,1.34,12.28,0.0
35198.0,0,0,1,0,0,0,0.0,0.0,49.22,23.11,25.54,23.19,22.85,29.7,28.65,101190.53,-179719.61,-1.29,-9.63,0.5,-0.49,-1.34,0.18,-0.93,-9.75,0.8,-1.1,-1.22,0.85,-0.96,9.13,46.15,-19165.04,-19873.05,12.54,0.04,1.33,12.25,0.0
35225.0,0,0,1,0,0,0,0.0,0.0,49.22,23.11,24.25,23.2,22.86,29.7,28.66,101162.55,101302.5,-1.28,-9.64,0.49,-0.55,-1.22,0.12,-0.92,-9.76,0.8,-1.16,-1.1,0.73,-0.48,14.42,44.7,-19616.7,-19812.01,12.33,0.05,1.33,12.23,0.0
35251.0,0,0,1,0,0,0,0.0,0.0,49.22,23.11,24.9,23.16,22.83,29.7,28.64,101165.83,101287.58,-1.32,-9.61,0.5,-0.49,-1.1,0.06,-0.97,-9.76,0.81,-1.1,-0.91,0.73,5.29,16.82,46.15,-19738.77,-19824.22,12.5,0.05,1.36,12.25,0.01
35276.0,0,0,1,0,0,0,0.0,0.0,49.22,23.11,24.9,23.17,22.84,29.7,28.65,101180.33,-179713.66,-1.3,-9.63,0.47,-0.43,-1.1,0.12,-0.94,-9.77,0.78,-1.1,-0.91,0.73,4.81,11.06,50.95,-19921.88,-19934.08,12.43,0.05,1.36,12.25,0.0
35301.0,0,0,1,0,0,0,0.0,0.0,49.49,23.11,25.22,23.18,-572.66,29.72,28.66,101165.31,-175756.03,-1.29,-9.63,0.51,-0.37,-1.22,-0.06,-0.93,-9.76,0.81,-1.04,-1.04,0.61,7.69,16.34,54.8,-19995.12,-20263.67,12.55,0.03,1.36,12.2,0.0
35326.0,0,0,1,0,0,0,0.0,0.0,49.49,23.11,25.22,23.18,-572.66,29.71,28.68,101181.38,-175713.5,-1.31,-9.61,0.5,-0.37,-1.46,0.0,-0.97,-9.76,0.79,-1.04,-1.34,0.61,-0.96,15.86,48.55,-19543.46,-19799.8,12.55,0.04,1.35,12.27,0.0
35351.0,0,0,1,0,0,0,0.0,0.0,49.49,23.11,26.19,23.19,22.85,29.71,28.66,101181.88,101301.97,-1.29,-9.62,0.52,-0.3,-1.46,0.06,-0.95,-9.76,0.81,-0.98,-1.4,0.73,-0.48,21.15,51.91,-19812.01,-19982.91,12.5,0.11,1.34,12.23,0.0
35376.0,0,0,1,0,0,0,0.0,0.0,49.49,23.11,26.51,23.19,22.88,29.7,28.67,101158.83,101308.91,-1.25,-9.62,0.51,-0.3,-1.28,0.12,-0.9,-9.77,0.8,-0.91,-1.16,0.79,0.96,18.27,46.15,-19848.63,-20043.95,12.53,0.11,1.34,12.06,0.0
35404.0,0,0,1,0,0,0,0.0,0.0,49.5,23.21,23.61,23.19,22.88,29.72,28.68,101158.83,101308.91,-1.3,-9.63,0.47,-0.3,-1.16,0.18,-0.94,-9.77,0.8,-1.1,-0.98,0.85,-2.4,13.94,45.18,-19750.98,-19616.7,12.54,0.04,1.36,12.25,0.0
35430.0,0,0,1,0,0,0,0.0,0.0,49.5,23.21,24.57,23.17,-572.66,29.71,28.67,101178.56,-175700.06,-1.29,-9.63,0.51,-0.37,-1.28,0.24,-0.96,-9.76,0.8,-1.1,-1.1,0.85,2.4,19.23,49.03,-19897.46,-19763.18,12.54,0.05,1.31,12.24,0.0
35455.0,0,0,1,0,0,0,0.0,0.0,49.5,23.21,24.9,23.16,-572.66,29.73,28.66,101164.94,-175717.97,-1.28,-9.62,0.49,-0.37,-1.22,0.3,-0.93,-9.77,0.79,-1.04,-1.04,0.91,-1.44,19.71,54.32,-19543.46,-19946.29,12.45,0.05,1.36,12.13,0.01
35480.0,0,0,1,0,0,0,0.0,0.0,49.5,23.21,25.22,23.17,22.87,29.72,28.67,101164.7,101274.78,-1.3,-9.63,0.47,-0.24,-1.22,0.24,-0.94,-9.76,0.78,-0.91,-1.04,0.85,2.4,8.17,47.11,-19982.91,-20007.32,12.53,0.05,1.38,12.25,0.05
35506.0,0,0,1,0,0,0,0.0,0.0,49.43,23.18,24.9,23.18,22.86,29.72,28.68,101157.78,101246.2,-1.32,-9.63,0.53,-0.12,-1.46,0.18,-0.95,-9.76,0.82,-0.85,-1.28,0.85,3.85,14.9,43.26,-18725.59,-20166.02,12.37,0.1,1.42,12.06,0.0
35532.0,0,0,1,0,0,0,0.0,0.0,49.43,23.18,25.22,23.19,-572.66,29.72,28.68,101161.03,-175695.59,-1.26,-9.63,0.49,-0.06,-1.59,0.24,-0.92,-9.76,0.81,-0.79,-1.4,0.85,4.33,16.82,45.18,-19165.04,-19921.88,12.5,0.04,1.34,12.25,0.01
35557.0,0,0,1,0,0,0,0.0,0.0,49.43,23.18,25.22,23.2,22.88,29.72,28.69,101172.73,-179731.95,-1.28,-9.61,0.46,-0.06,-1.22,0.3,-0.92,-9.76,0.76,-0.79,-1.04,0.91,1.92,16.34,37.01,-19641.11,-19836.43,12.56,0.08,1.37,12.15,0.0
35583.0,0,0,1,0,0,0,0.0,0.0,49.43,23.18,25.22,23.2,22.87,29.72,28.68,101156.77,-179728.97,-1.32,-9.63,0.51,0.0,-1.22,0.18,-0.96,-9.76,0.82,-0.73,-1.1,0.91,-0.48,15.86,47.59,-19726.56,-19506.84,12.53,0.04,1.39,12.31,0.0
35611.0,0,0,1,0,0,0,0.0,0.0,49.53,23.23,25.22,23.21,22.87,29.72,28.68,101164.06,101270.09,-1.31,-9.63,0.45,0.0,-1.59,0.18,-0.95,-9.77,0.8,-0.67,-1.4,0.79,1.44,13.46,49.51,-19836.43,-19982.91,12.53,0.06,1.35,12.21,0.0
35636.0,0,0,1,0,0,0,0.0,0.0,49.53,23.23,25.86,23.17,22.84,29.72,28.68,101170.14,-179715.34,-1.31,-9.64,0.47,0.0,-1.65,0.06,-0.94,-9.77,0.78,-0.73,-1.4,0.73,-0.96,17.3,44.7,-19836.43,-19982.91,12.46,0.04,1.34,12.2,0.0
35661.0,0,0,1,0,0,0,0.0,0.0,49.53,23.23,27.15,23.18,-572.66,29.73,28.69,101167.05,-175688.88,-1.31,-9.62,0.51,0.0,-1.34,-0.12,-0.94,-9.77,0.8,-0.73,-1.16,0.55,3.85,11.54,49.99,-19885.25,-19628.91,12.46,0.05,1.34,12.27,0.0
35687.0,0,0,1,0,0,0,0.0,0.0,49.53,23.23,25.86,23.18,22.86,29.72,28.68,101165.41,101242.73,-1.32,-9.62,0.52,0.12,-1.28,-0.18,-0.94,-9.75,0.84,-0.67,-1.04,0.43,1.44,12.98,44.22,-19470.21,-19628.91,12.5,0.04,1.34,12.23,0.01
35713.0,0,0,1,0,0,0,0.0,0.0,49.58,23.23,23.61,23.19,22.85,29.73,28.69,101167.19,-179720.03,-1.31,-9.62,0.46,0.0,-1.34,-0.3,-0.96,-9.77,0.79,-0.67,-1.1,0.37,2.88,16.34,34.61,-19653.32,-19836.43,12.52,0.05,1.35,12.25,0.01
35738.0,0,0,1,0,0,0,0.0,0.0,49.58,23.23,25.22,23.2,22.86,29.72,28.68,101164.98,101280.75,-1.25,-9.63,0.51,0.12,-1.04,-0.49,-0.9,-9.77,0.8,-0.55,-0.85,0.18,1.92,10.58,41.34,-19714.36,-20727.54,12.53,0.04,1.35,12.14,0.01
35764.0,0,0,1,0,0,0,0.0,0.0,49.58,23.23,25.54,23.19,22.86,29.73,28.68,101151.34,101262.38,-1.3,-9.64,0.5,0.12,-0.85,-0.61,-0.95,-9.78,0.81,-0.49,-0.67,0.06,1.44,14.9,37.01,-19946.29,-19738.77,12.53,0.05,1.35,12.23,0.0
35790.0,0,0,1,0,0,0,0.0,0.0,49.58,23.23,26.19,23.2,22.86,29.74,28.69,101162.11,101260.73,-1.31,-9.61,0.5,0.24,-1.34,-0.61,-0.94,-9.76,0.8,-0.37,-1.16,0.0,0.48,17.79,37.97,-19812.01,-19738.77,12.48,0.09,1.28,12.23,0.0
35817.0,0,0,1,0,0,0,0.0,0.0,49.46,23.14,25.22,23.2,22.86,29.74,28.69,101162.11,101260.73,-1.3,-9.64,0.51,0.3,-1.59,-0.49,-0.94,-9.78,0.81,-0.43,-1.4,0.12,0.48,7.69,43.74,-19458.01,-19836.43,12.5,0.05,1.34,12.08,0.0
35843.0,0,0,1,0,0,0,0.0,0.0,49.46,23.14,24.57,23.16,-572.66,29.73,28.7,101166.44,-175704.53,-1.27,-9.61,0.44,0.18,-1.4,-0.24,-0.91,-9.75,0.75,-0.55,-1.16,0.43,1.92,16.34,53.84,-19409.18,-20080.57,12.47,0.06,1.35,12.01,0.0
35868.0,0,0,1,0,0,0,0.0,0.0,49.46,23.14,25.54,23.18,-572.66,29.74,28.69,101152.23,-175722.44,-1.18,-9.62,0.57,0.18,-1.46,-0.12,-0.82,-9.75,0.88,-0.55,-1.28,0.49,3.36,22.59,56.72,-19750.98,-19750.98,12.69,0.08,1.36,12.25,0.02
35893.0,0,0,1,0,0,0,0.0,0.0,49.46,23.14,24.25,23.18,22.83,29.73,28.7,101154.91,101263.58,-1.26,-9.62,0.54,0.24,-1.16,-0.18,-0.92,-9.77,0.85,-0.49,-1.04,0.49,-0.48,19.23,35.57,-19970.7,-19787.6,12.48,0.04,1.36,12.14,0.0
35919.0,0,0,1,0,0,0,0.0,0.0,49.56,23.15,23.93,23.19,22.86,29.73,28.69,101166.12,101265.34,-1.34,-9.62,0.39,0.18,-1.1,0.06,-0.97,-9.73,0.71,-0.49,-0.98,0.67,1.44,14.9,50.47,-19848.63,-19885.25,12.58,0.05,1.36,12.27,0.0
35945.0,0,0,1,0,0,0,0.0,0.0,49.56,23.15,25.22,23.2,22.87,29.74,28.7,101170.3,-179727.69,-1.24,-9.63,0.56,0.12,-1.4,0.0,-0.88,-9.77,0.88,-0.55,-1.22,0.73,4.33,12.5,44.7,-19824.22,-19824.22,12.52,0.04,1.34,12.24,0.01
35970.0,0,0,1,0,0,0,0.0,0.0,49.56,23.15,25.22,23.19,22.87,29.75,28.71,101157.8,101265.88,-1.3,-9.64,0.54,0.3,-1.46,-0.24,-0.94,-9.74,0.82,-0.43,-1.28,0.49,1.44,17.79,37.97,-19738.77,-19873.05,12.54,0.08,1.34,12.21,0.0
35998.0,0,0,1,0,0,0,0.0,0.0,49.56,23.15,24.9,23.21,22.9,29.75,28.7,101161.53,-179739.61,-1.34,-9.61,0.46,0.37,-1.65,-0.37,-0.99,-9.74,0.8,-0.43,-1.34,0.37,-2.4,18.27,46.63,-19665.53,-19494.63,12.51,0.05,1.36,12.16,0.04
36024.0,0,0,1,0,0,0,0.0,0.0,49.44,23.15,24.25,23.17,22.85,29.74,28.7,101163.09,101248.48,-1.25,-9.62,0.52,0.3,-1.77,-0.49,-0.9,-9.76,0.84,-0.49,-1.59,0.18,6.25,16.82,44.22,-19226.07,-20141.6,12.45,0.04,1.38,12.09,0.0
36050.0,0,0,1,0,0,0,0.0,0.0,49.44,23.15,25.22,23.17,22.84,29.76,28.71,101162.52,101268.98,-1.25,-9.63,0.54,0.06,-1.83,-0.73,-0.9,-9.76,0.83,-0.67,-1.65,0.0,3.36,15.86,44.7,-19848.63,-20251.46,12.48,0.05,1.35,12.22,0.0
36075.0,0,0,1,0,0,0,0.0,0.0,49.44,23.15,25.86,23.19,22.84,29.75,28.69,101163.45,-179715.34,-1.3,-9.61,0.56,-0.06,-1.46,-0.67,-0.95,-9.74,0.89,-0.79,-1.34,0.0,-0.48,13.94,47.11,-19470.21,-19726.56,12.58,0.05,1.35,12.23,0.01
36100.0,0,0,1,0,0,0,0.0,0.0,49.44,23.15,24.9,23.18,22.86,29.76,28.7,101163.56,101295.92,-1.24,-9.61,0.49,-0.24,-1.4,-0.55,-0.87,-9.76,0.8,-0.98,-1.28,0.06,1.92,13.46,42.3,-19897.46,-19885.25,12.55,0.05,1.33,12.22,0.0
36125.0,0,0,1,0,0,0,0.0,0.0,49.67,23.17,24.57,23.19,22.86,29.76,28.71,101162.2,-179725.56,-1.22,-9.63,0.57,-0.49,-1.77,-0.61,-0.86,-9.75,0.87,-1.22,-1.65,0.06,6.25,12.98,47.11,-19116.21,-19934.08,12.43,0.02,1.36,11.94,0.0
36150.0,0,0,1,0,0,0,0.0,0.0,49.67,23.17,24.9,23.19,-572.66,29.77,28.7,101153.52,-175751.56,-1.27,-9.62,0.58,-0.67,-2.07,-0.55,-0.93,-9.77,0.93,-1.4,-1.77,0.18,2.88,16.34,48.55,-19763.18,-19836.43,12.43,0.06,1.34,12.18,0.0
36175.0,0,0,1,0,0,0,0.0,0.0,49.67,23.17,26.19,23.2,22.88,29.75,28.7,101161.86,-179731.09,-1.22,-9.63,0.47,-0.98,-1.71,-0.24,-0.85,-9.75,0.78,-1.65,-1.46,0.49,-0.96,19.23,43.74,-19885.25,-19616.7,12.52,0.05,1.34,12.25,0.0
36204.0,0,0,1,0,0,0,0.0,0.0,49.67,23.17,24.9,23.2,22.88,29.75,28.7,101154.7,101262.69,-1.2,-9.62,0.54,-1.22,-1.04,-0.12,-0.83,-9.75,0.82,-1.95,-0.79,0.49,2.4,14.42,40.38,-20593.26,-19726.56,12.52,0.05,1.35,12.29,0.0
36229.0,0,0,1,0,0,0,0.0,0.0,49.5,23.23,26.19,23.17,-572.66,29.76,28.7,101156.39,-175711.25,-1.27,-9.65,0.52,-1.22,-0.98,-0.12,-0.92,-9.78,0.85,-2.01,-0.79,0.49,2.4,19.71,45.18,-19921.88,-20104.98,12.5,0.05,1.32,12.23,0.02
36255.0,0,0,1,0,0,0,0.0,0.0,49.5,23.23,25.54,23.18,22.86,29.75,28.7,101151.66,101277.55,-1.25,-9.61,0.47,-1.28,-1.1,0.0,-0.9,-9.75,0.8,-1.95,-0.91,0.61,1.92,15.38,42.78,-19824.22,-19921.88,12.51,0.05,1.35,12.21,0.0
36280.0,0,0,1,0,0,0,0.0,0.0,49.5,23.23,27.15,23.18,-572.66,29.75,28.72,101163.23,-175702.31,-1.22,-9.64,0.46,-1.34,-1.46,0.0,-0.85,-9.78,0.77,-2.01,-1.28,0.61,-2.4,11.06,37.01,-19702.15,-19641.11,12.54,0.0,1.32,12.13,0.0
36306.0,0,0,1,0,0,0,0.0,0.0,49.5,23.23,25.22,23.19,22.87,29.76,28.71,101167.41,101251.42,-1.24,-9.64,0.47,-1.22,-1.4,0.06,-0.88,-9.76,0.8,-1.89,-1.22,0.61,5.29,18.27,51.43,-19580.08,-19824.22,12.49,0.04,1.34,12.16,0.0
36331.0,0,0,1,0,0,0,0.0,0.0,49.5,23.21,25.54,23.2,-572.66,29.76,28.72,101163.25,-175711.25,-1.27,-9.62,0.47,-1.04,-1.04,0.12,-0.91,-9.76,0.78,-1.65,-0.91,0.73,2.88,11.54,41.34,-19677.73,-19689.94,12.56,0.04,1.37,12.28,0.02
36356.0,0,0,1,0,0,0,0.0,0.0,49.5,23.21,24.25,23.2,22.89,29.76,28.73,101165.92,101253.17,-1.24,-9.65,0.45,-0.79,-1.46,0.06,-0.88,-9.79,0.75,-1.46,-1.28,0.73,-2.4,18.27,39.9,-19140.62,-19689.94,12.52,0.05,1.35,12.28,0.0
36381.0,0,0,1,0,0,0,0.0,0.0,49.5,23.21,25.22,23.21,22.87,29.75,28.73,101162.81,-179726.42,-1.25,-9.62,0.48,-0.73,-2.2,-0.12,-0.88,-9.77,0.77,-1.34,-2.01,0.55,2.88,12.02,49.03,-19580.08,-19750.98,12.51,0.05,1.36,12.05,0.02
36409.0,0,0,1,0,0,0,0.0,0.0,49.5,23.21,25.86,23.2,22.87,29.76,28.74,101170.2,101257.47,-1.25,-9.62,0.42,-0.61,-2.38,0.0,-0.9,-9.78,0.77,-1.28,-2.13,0.61,-1.44,15.86,47.59,-18872.07,-19775.39,12.44,0.05,1.38,11.86,0.0
36434.0,0,0,1,0,0,0,0.0,0.0,49.41,23.18,25.86,23.16,-572.66,29.76,28.74,101163.77,-175726.94,-1.2,-9.61,0.46,-0.55,-1.77,0.18,-0.83,-9.76,0.77,-1.22,-1.52,0.85,0.96,13.94,46.15,-19848.63,-19677.73,12.52,0.04,1.31,12.31,0.0
36460.0,0,0,1,0,0,0,0.0,0.0,49.41,23.18,25.54,23.19,22.85,29.77,28.73,101169.23,-179719.61,-1.2,-9.64,0.49,-0.3,-1.46,0.3,-0.86,-9.78,0.8,-1.04,-1.34,0.91,-1.92,13.94,40.38,-19824.22,-19702.15,12.52,0.05,1.37,12.3,0.02
36486.0,0,0,1,0,0,0,0.0,0.0,49.41,23.18,25.54,23.18,22.84,29.76,28.71,101163.0,101274.12,-1.28,-9.62,0.37,-0.12,-1.71,0.43,-0.93,-9.77,0.7,-0.91,-1.52,0.98,-0.48,10.58,49.03,-19750.98,-19189.45,12.54,0.05,1.34,12.16,0.0
36512.0,0,0,1,0,0,0,0.0,0.0,49.41,23.18,25.54,23.19,22.87,29.75,28.72,101156.77,101267.09,-1.24,-9.66,0.47,0.0,-2.01,0.37,-0.87,-9.78,0.8,-0.73,-1.89,0.98,-0.48,8.65,46.15,-19897.46,-20019.53,12.27,0.04,1.41,12.2,0.05
36537.0,0,0,1,0,0,0,0.0,0.0,49.72,23.18,26.19,23.19,-572.66,29.77,28.73,101162.64,-175758.28,-1.25,-9.64,0.48,0.06,-1.95,0.24,-0.88,-9.77,0.8,-0.61,-1.77,0.91,1.92,19.23,44.22,-19787.6,-19824.22,12.64,0.04,1.34,12.22,0.01
36562.0,0,0,1,0,0,0,0.0,0.0,49.72,23.18,25.54,23.21,22.88,29.77,28.73,101165.47,101279.95,-1.23,-9.62,0.42,0.0,-1.77,0.37,-0.88,-9.75,0.75,-0.61,-1.59,0.98,-0.96,19.23,43.26,-19567.87,-19763.18,12.51,0.06,1.38,12.27,0.02
36587.0,0,0,1,0,0,0,0.0,0.0,49.72,23.18,25.86,23.21,22.89,29.77,28.73,101159.44,-179734.5,-1.22,-9.63,0.5,-0.06,-1.22,0.43,-0.85,-9.77,0.8,-0.67,-1.16,1.1,-1.92,19.71,42.78,-19775.39,-19970.7,12.51,0.05,1.34,12.2,0.0
36619.0,0,0,1,0,0,0,0.0,0.0,49.72,23.18,24.25,23.21,22.87,29.76,28.73,101174.5,101290.83,-1.26,-9.63,0.49,-0.12,-1.16,0.49,-0.89,-9.77,0.8,-0.73,-1.04,1.16,0.48,18.27,49.03,-19665.53,-19726.56,12.53,0.06,1.38,12.25,0.01
36644.0,0,0,1,0,0,0,0.0,0.0,49.59,23.2,25.86,23.17,22.85,29.78,28.75,101158.11,101248.48,-1.24,-9.62,0.48,-0.18,-1.34,0.61,-0.88,-9.77,0.8,-0.79,-1.16,1.16,4.81,18.27,36.53,-19689.94,-19860.84,12.48,0.06,1.29,12.28,0.0
36669.0,0,0,1,0,0,0,0.0,0.0,49.59,23.2,25.86,23.18,-572.66,29.77,28.75,101181.59,-175711.25,-1.24,-9.62,0.43,-0.24,-1.22,0.43,-0.87,-9.77,0.77,-0.98,-1.04,1.1,-1.44,12.98,45.18,-19897.46,-20166.02,12.52,0.05,1.34,12.28,0.0
36694.0,0,0,1,0,0,0,0.0,0.0,49.59,23.2,24.57,23.19,22.86,29.79,28.74,101171.11,101266.33,-1.3,-9.64,0.49,-0.3,-1.4,0.3,-0.95,-9.77,0.82,-0.98,-1.16,0.85,1.92,12.98,50.47,-19982.91,-19958.5,12.54,0.03,1.37,12.25,0.02
36719.0,0,0,1,0,0,0,0.0,0.0,49.59,23.2,24.57,23.19,-572.66,29.77,28.74,101162.31,-175711.25,-1.26,-9.62,0.46,-0.43,-1.1,0.12,-0.91,-9.77,0.8,-1.1,-0.91,0.73,-0.48,13.94,39.42,-19299.32,-19763.18,12.52,0.07,1.36,12.22,0.0
36744.0,0,0,1,0,0,0,0.0,0.0,49.59,23.23,23.93,23.2,22.87,29.77,28.74,101166.73,-179728.97,-1.25,-9.62,0.39,-0.43,-0.67,0.0,-0.89,-9.76,0.73,-1.16,-0.43,0.61,-3.36,12.98,37.49,-19677.73,-19982.91,12.52,0.04,1.37,12.25,0.02
36770.0,0,0,1,0,0,0,0.0,0.0,49.59,23.23,25.54,23.19,22.88,29.77,28.75,101166.12,-179729.83,-1.29,-9.66,0.51,-0.43,-0.91,-0.24,-0.95,-9.78,0.84,-1.1,-0.79,0.43,7.21,13.94,48.07,-19934.08,-19897.46,12.48,0.05,1.36,12.34,0.0
36795.0,0,0,1,0,0,0,0.0,0.0,49.59,23.23,25.86,23.2,-572.66,29.77,28.76,101163.14,-175715.75,-1.3,-9.63,0.43,-0.24,-1.28,-0.49,-0.96,-9.76,0.79,-0.91,-1.1,0.24,0.96,18.27,53.84,-19812.01,-19885.25,12.52,0.05,1.34,12.27,0.0
36825.0,0,0,1,0,0,0,0.0,0.0,49.59,23.23,25.22,23.21,22.89,29.78,28.75,101167.45,101266.27,-1.27,-9.62,0.42,-0.24,-1.77,-0.67,-0.92,-9.76,0.72,-0.91,-1.59,-0.06,0.96,14.9,41.82,-19580.08,-20056.15,12.54,0.02,1.37,12.2,0.0
36850.0,0,0,1,0,0,0,0.0,0.0,49.64,23.17,25.22,23.18,22.85,29.78,28.76,101167.62,101275.34,-1.26,-9.66,0.55,-0.12,-1.89,-0.98,-0.9,-9.78,0.84,-0.85,-1.71,-0.37,-0.48,15.86,50.47,-19750.98,-19592.29,12.49,0.07,1.34,12.25,0.0
36875.0,0,0,1,0,0,0,0.0,0.0,49.64,23.17,23.61,23.19,-572.66,29.78,28.76,101161.03,-175706.78,-1.25,-9.62,0.44,-0.12,-1.46,-1.1,-0.87,-9.75,0.74,-0.85,-1.28,-0.49,-3.85,12.02,52.4,-20019.53,-20007.32,12.52,0.04,1.36,12.22,0.02
36900.0,0,0,1,0,0,0,0.0,0.0,49.64,23.17,25.22,23.2,22.86,29.78,28.75,101164.75,-179724.72,-1.26,-9.63,0.52,-0.3,-1.52,-1.22,-0.9,-9.77,0.82,-0.98,-1.34,-0.61,1.44,10.09,42.3,-19958.5,-19665.53,12.52,0.05,1.36,12.26,0.0
36925.0,0,0,1,0,0,0,0.0,0.0,49.64,23.17,25.54,23.21,22.88,29.78,28.75,101156.44,101285.09,-1.24,-9.62,0.51,-0.49,-1.95,-1.34,-0.87,-9.76,0.8,-1.16,-1.77,-0.73,2.88,12.02,46.15,-19665.53,-19970.7,12.54,0.04,1.35,12.25,0.0
36950.0,0,0,1,0,0,0,0.0,0.0,49.58,23.24,25.22,23.2,22.88,29.78,28.76,101165.23,101275.55,-1.21,-9.63,0.42,-0.73,-1.65,-1.4,-0.86,-9.78,0.73,-1.4,-1.52,-0.73,-0.96,23.07,40.86,-19567.87,-19885.25,12.54,0.04,1.36,12.25,0.0
36975.0,0,0,1,0,0,0,0.0,0.0,49.58,23.24,25.22,23.2,-572.66,29.8,28.76,101172.73,-175706.78,-1.19,-9.64,0.52,-1.04,-1.04,-1.4,-0.81,-9.79,0.81,-1.65,-0.85,-0.79,4.33,16.34,54.32,-19580.08,-19653.32,12.54,0.05,1.34,12.18,0.0
